{"cameraMode":{"drawMode":0,"name":"Shaded","section":"Shading Mode"},"sceneLighting":false,"audioPlay":false,"sceneViewState":{"showFog":true,"showMaterialUpdate":false,"showSkybox":true,"showFlares":true,"showImageEffects":true,"showParticleSystems":true},"in2DMode":false,"pivot":{"x":-9.841670989990235,"y":5.150772571563721,"z":15.711272239685059},"rotation":{"x":-0.13312490284442902,"y":0.257663369178772,"z":-0.035867542028427127,"w":-0.9563477635383606},"size":25.76146697998047,"orthographic":false}