{"cameraMode":{"drawMode":0,"name":"Shaded","section":"Shading Mode"},"sceneLighting":false,"audioPlay":false,"sceneViewState":{"showFog":true,"showMaterialUpdate":false,"showSkybox":true,"showFlares":true,"showImageEffects":true,"showParticleSystems":true},"in2DMode":false,"pivot":{"x":18.10008430480957,"y":-4.9048004150390629,"z":-18.378860473632814},"rotation":{"x":-0.01819402165710926,"y":-0.9779415130615234,"z":0.1843365728855133,"w":-0.09653740376234055},"size":18.20121955871582,"orthographic":false}