{"cameraMode":{"drawMode":0,"name":"Shaded","section":"Shading Mode"},"sceneLighting":false,"audioPlay":false,"sceneViewState":{"showFog":true,"showMaterialUpdate":false,"showSkybox":true,"showFlares":true,"showImageEffects":true,"showParticleSystems":true},"in2DMode":false,"pivot":{"x":-5.50133752822876,"y":4.250095367431641,"z":17.38570213317871},"rotation":{"x":-0.19649145007133485,"y":0.5742390751838684,"z":-0.1443743258714676,"w":-0.7815347909927368},"size":11.806280136108399,"orthographic":false}