{"cameraMode":{"drawMode":0,"name":"Shaded","section":"Shading Mode"},"sceneLighting":false,"audioPlay":false,"sceneViewState":{"showFog":true,"showMaterialUpdate":false,"showSkybox":true,"showFlares":true,"showImageEffects":true,"showParticleSystems":true},"in2DMode":false,"pivot":{"x":-0.00013947486877441406,"y":0.02439296245574951,"z":-0.30089548230171206},"rotation":{"x":-0.014324829913675785,"y":0.8511558771133423,"z":-0.023245811462402345,"w":-0.5242025256156921},"size":11.64803695678711,"orthographic":true}