{"cameraMode":{"drawMode":0,"name":"Shaded","section":"Shading Mode"},"sceneLighting":true,"audioPlay":false,"sceneViewState":{"showFog":true,"showMaterialUpdate":false,"showSkybox":true,"showFlares":true,"showImageEffects":true,"showParticleSystems":true},"in2DMode":false,"pivot":{"x":-5.50133752822876,"y":-61.5619010925293,"z":17.38570213317871},"rotation":{"x":-0.3099093437194824,"y":-0.202628493309021,"z":0.0677817240357399,"w":-0.9264467358589172},"size":8.675590515136719,"orthographic":false}