{"cameraMode":{"drawMode":0,"name":"Shaded","section":"Shading Mode"},"sceneLighting":true,"audioPlay":false,"sceneViewState":{"showFog":true,"showMaterialUpdate":false,"showSkybox":true,"showFlares":true,"showImageEffects":true,"showParticleSystems":true},"in2DMode":false,"pivot":{"x":34.956905364990237,"y":4.76768159866333,"z":-12.574235916137696},"rotation":{"x":0.04498210921883583,"y":-0.5904578566551209,"z":0.03298899531364441,"w":0.8051384091377258},"size":6.783248424530029,"orthographic":false}