{"cameraMode":{"drawMode":0,"name":"Shaded","section":"Shading Mode"},"sceneLighting":true,"audioPlay":false,"sceneViewState":{"showFog":true,"showMaterialUpdate":false,"showSkybox":true,"showFlares":true,"showImageEffects":true,"showParticleSystems":true},"in2DMode":false,"pivot":{"x":7.092979431152344,"y":1.797454833984375,"z":17.47688865661621},"rotation":{"x":-0.049061235040426257,"y":-0.5152817964553833,"z":0.029563287273049356,"w":-0.8551045656204224},"size":12.875511169433594,"orthographic":false}