{"cameraMode":{"drawMode":0,"name":"Shaded","section":"Shading Mode"},"sceneLighting":false,"audioPlay":false,"sceneViewState":{"showFog":true,"showMaterialUpdate":false,"showSkybox":true,"showFlares":true,"showImageEffects":true,"showParticleSystems":true},"in2DMode":false,"pivot":{"x":11.17665958404541,"y":-3.6134300231933595,"z":47.00829315185547},"rotation":{"x":-0.050953056663274768,"y":-0.11442134529352188,"z":0.005876155570149422,"w":-0.9921073913574219},"size":49.55345153808594,"orthographic":false}