{"cameraMode":{"drawMode":0,"name":"Shaded","section":"Shading Mode"},"sceneLighting":false,"audioPlay":false,"sceneViewState":{"showFog":true,"showMaterialUpdate":false,"showSkybox":true,"showFlares":true,"showImageEffects":true,"showParticleSystems":true},"in2DMode":false,"pivot":{"x":6.316803932189941,"y":-8.616035461425782,"z":-10.692330360412598},"rotation":{"x":-0.058290984481573108,"y":-0.9383625388145447,"z":0.27829477190971377,"w":-0.19654500484466554},"size":25.767772674560548,"orthographic":false}