{"cameraMode":{"drawMode":0,"name":"Shaded","section":"Shading Mode"},"sceneLighting":false,"audioPlay":false,"sceneViewState":{"showFog":true,"showMaterialUpdate":false,"showSkybox":true,"showFlares":true,"showImageEffects":true,"showParticleSystems":true},"in2DMode":false,"pivot":{"x":-20.47264862060547,"y":-5.782331466674805,"z":254.9849395751953},"rotation":{"x":-0.15333740413188935,"y":0.6636513471603394,"z":-0.14166757464408875,"w":-0.7183208465576172},"size":18.52691650390625,"orthographic":false}