{"cameraMode":{"drawMode":0,"name":"Shaded","section":"Shading Mode"},"sceneLighting":false,"audioPlay":false,"sceneViewState":{"showFog":true,"showMaterialUpdate":false,"showSkybox":true,"showFlares":true,"showImageEffects":true,"showParticleSystems":true},"in2DMode":false,"pivot":{"x":-223.24346923828126,"y":-17.01824951171875,"z":-34.04872512817383},"rotation":{"x":-0.04339919239282608,"y":0.7407366037368774,"z":-0.04807782173156738,"w":-0.6686661243438721},"size":214.9871063232422,"orthographic":false}