{"cameraMode":{"drawMode":0,"name":"Shaded","section":"Shading Mode"},"sceneLighting":false,"audioPlay":false,"sceneViewState":{"showFog":true,"showMaterialUpdate":false,"showSkybox":true,"showFlares":true,"showImageEffects":true,"showParticleSystems":true},"in2DMode":false,"pivot":{"x":0.014999981969594956,"y":-1.4901161193847657e-8,"z":0.0},"rotation":{"x":0.13463595509529115,"y":-0.6925578713417053,"z":0.6959050893783569,"w":0.133988618850708},"size":1.930527687072754,"orthographic":false}