{"cameraMode":{"drawMode":0,"name":"Shaded","section":"Shading Mode"},"sceneLighting":true,"audioPlay":false,"sceneViewState":{"showFog":true,"showMaterialUpdate":false,"showSkybox":true,"showFlares":true,"showImageEffects":true,"showParticleSystems":true},"in2DMode":false,"pivot":{"x":31.08783531188965,"y":2.702883005142212,"z":36.881290435791019},"rotation":{"x":0.0006978010642342269,"y":-0.9986613988876343,"z":0.049785979092121127,"w":0.014011264778673649},"size":7.271767616271973,"orthographic":false}