{"cameraMode":{"drawMode":0,"name":"Shaded","section":"Shading Mode"},"sceneLighting":true,"audioPlay":false,"sceneViewState":{"showFog":true,"showMaterialUpdate":false,"showSkybox":true,"showFlares":true,"showImageEffects":true,"showParticleSystems":true},"in2DMode":false,"pivot":{"x":5.960464477539063e-8,"y":4.0,"z":-1.1920928955078126e-7},"rotation":{"x":-0.023918570950627328,"y":0.968973696231842,"z":-0.10388773679733277,"w":-0.22299176454544068},"size":45.695579528808597,"orthographic":true}